Sex,Weight,Enjoy_Driving_Fast,Car_Color,Count,Response_Sort_Map,Enjoy_Driving_Fast_Int,Enjoy_Driving_Fast_Strongly_Agree,Black,Red,White
Female,1.5359806114560872,Strongly Agree,Red,1,0,5,1,0,1,0
Male,1.3422181561064652,Strongly Agree,Red,1,0,5,1,0,1,0
Male,0.29321079715448684,Strongly Agree,White,1,0,5,1,0,0,1
Male,0.3138837832290942,Strongly Agree,Red,1,0,5,1,0,1,0
Male,2.026222338330853,Strongly Agree,Red,1,0,5,1,0,1,0
Male,1.551860946374079,Strongly Agree,Red,1,0,5,1,0,1,0
Male,0.7436290628083704,Strongly Agree,Black,1,0,5,1,1,0,0
Male,0.2287923160209501,Strongly Agree,Black,1,0,5,1,1,0,0
Female,0.7927759339983208,Strongly Agree,White,1,0,5,1,0,0,1
Female,0.026677333841047104,Strongly Agree,Black,1,0,5,1,1,0,0
Male,1.491111423302335,Strongly Agree,Red,1,0,5,1,0,1,0
Male,0.1646232390897457,Strongly Agree,Red,1,0,5,1,0,1,0
Male,0.8062324682180866,Strongly Agree,Red,1,0,5,1,0,1,0
Male,0.6397313436138887,Strongly Agree,Red,1,0,5,1,0,1,0
Male,0.04407268832650005,Strongly Agree,Red,1,0,5,1,0,1,0
Female,1.4355290764592126,Strongly Agree,White,1,0,5,1,0,0,1
Female,1.3273053250536504,Strongly Agree,White,1,0,5,1,0,0,1
Male,1.37492548768054,Strongly Agree,Red,1,0,5,1,0,1,0
Female,1.1913176170698438,Strongly Agree,White,1,0,5,1,0,0,1
Female,0.9942249903482795,Strongly Agree,Red,1,0,5,1,0,1,0
Female,0.9720189274876221,Strongly Agree,White,1,0,5,1,0,0,1
Female,1.2401394973654236,Strongly Agree,Red,1,0,5,1,0,1,0
Female,1.2300493104086845,Strongly Agree,Red,1,0,5,1,0,1,0
Female,0.6262290708278005,Strongly Agree,White,1,0,5,1,0,0,1
Male,1.299391589044026,Strongly Agree,Black,1,0,5,1,1,0,0
Male,0.8236804424537075,Strongly Agree,Red,1,0,5,1,0,1,0
Male,0.37726598718257215,Strongly Agree,Black,1,0,5,1,1,0,0
Male,1.1029524237263555,Strongly Agree,Red,1,0,5,1,0,1,0
Female,1.8465046716513613,Strongly Agree,Black,1,0,5,1,1,0,0
Female,0.7657522390068435,Strongly Agree,White,1,0,5,1,0,0,1
Female,1.1395645723653205,Strongly Agree,Red,1,0,5,1,0,1,0
Female,0.37593953534814306,Strongly Agree,White,1,0,5,1,0,0,1
Female,0.042916741705864916,Strongly Agree,White,1,0,5,1,0,0,1
Male,1.304201783966559,Strongly Agree,Red,1,0,5,1,0,1,0
Male,2.0157257836865496,Strongly Agree,White,1,0,5,1,0,0,1
Male,1.3136833877571985,Strongly Agree,Red,1,0,5,1,0,1,0
Male,0.5908671074228024,Strongly Agree,Black,1,0,5,1,1,0,0
Male,0.11870831546311181,Strongly Agree,Black,1,0,5,1,1,0,0
Male,0.9846092591646034,Strongly Agree,White,1,0,5,1,0,0,1
Male,0.3308077569131246,Strongly Agree,White,1,0,5,1,0,0,1
Male,2.010133443943001,Strongly Agree,Red,1,0,5,1,0,1,0
Male,1.0633063714047013,Strongly Agree,Black,1,0,5,1,1,0,0
Male,0.8693900809678761,Strongly Agree,Black,1,0,5,1,1,0,0
Male,0.7249683006223295,Strongly Agree,Black,1,0,5,1,1,0,0
Male,0.05244866611310086,Strongly Agree,Red,1,0,5,1,0,1,0
Male,1.5437917841226054,Strongly Agree,Red,1,0,5,1,0,1,0
Male,1.4761718160355606,Strongly Agree,Black,1,0,5,1,1,0,0
Female,1.5988195991356968,Strongly Agree,White,1,0,5,1,0,0,1
Male,0.11615245633387847,Strongly Agree,Black,1,0,5,1,1,0,0
Female,1.0214729736998271,Strongly Agree,White,1,0,5,1,0,0,1
Female,1.376563624416355,Strongly Agree,White,1,0,5,1,0,0,1
Female,1.007016224485099,Strongly Agree,White,1,0,5,1,0,0,1
Female,1.9071985195657242,Strongly Agree,White,1,0,5,1,0,0,1
Male,0.668047061143133,Strongly Agree,Black,1,0,5,1,1,0,0
Male,1.9456848428587215,Strongly Agree,White,1,0,5,1,0,0,1
Male,1.7068051168663192,Strongly Agree,Red,1,0,5,1,0,1,0
Male,0.13387044234956877,Strongly Agree,Red,1,0,5,1,0,1,0
Male,0.05102467004264259,Strongly Agree,Red,1,0,5,1,0,1,0
Male,1.6220065378541935,Strongly Agree,White,1,0,5,1,0,0,1
Male,1.3226755113688207,Strongly Agree,Red,1,0,5,1,0,1,0
Male,0.009774605882518782,Strongly Agree,Black,1,0,5,1,1,0,0
Male,1.929766281852547,Strongly Agree,White,1,0,5,1,0,0,1
Male,1.2238591983415867,Strongly Agree,White,1,0,5,1,0,0,1
Male,0.17193535474840824,Strongly Agree,Black,1,0,5,1,1,0,0
Male,0.3367581829559213,Strongly Agree,Black,1,0,5,1,1,0,0
Male,1.6669446959102552,Strongly Agree,Red,1,0,5,1,0,1,0
Male,0.6894767515303453,Strongly Agree,White,1,0,5,1,0,0,1
Male,0.43230524703952444,Strongly Agree,Red,1,0,5,1,0,1,0
Male,1.4907332824942041,Strongly Agree,Black,1,0,5,1,1,0,0
Male,0.3600975911996099,Strongly Agree,Red,1,0,5,1,0,1,0
Male,1.411649334045401,Strongly Agree,Red,1,0,5,1,0,1,0
Male,1.451257437077407,Strongly Agree,White,1,0,5,1,0,0,1
Female,0.5322080438961272,Strongly Agree,White,1,0,5,1,0,0,1
Female,0.7255352695614118,Strongly Agree,White,1,0,5,1,0,0,1
Female,1.131981135714761,Strongly Agree,White,1,0,5,1,0,0,1
Female,0.8809182153400482,Strongly Agree,Black,1,0,5,1,1,0,0
Female,1.3277194698417498,Strongly Agree,Red,1,0,5,1,0,1,0
Female,1.4753197466859733,Strongly Agree,White,1,0,5,1,0,0,1
Female,1.0975042090904317,Strongly Agree,White,1,0,5,1,0,0,1
Female,1.0148293232340924,Strongly Agree,White,1,0,5,1,0,0,1
Male,0.3796601239513205,Strongly Agree,Black,1,0,5,1,1,0,0
Female,1.5835193392751261,Strongly Agree,White,1,0,5,1,0,0,1
Female,0.3295724260769394,Strongly Agree,Black,1,0,5,1,1,0,0
Female,0.1523168725676809,Strongly Agree,White,1,0,5,1,0,0,1
Female,0.8260652764854327,Strongly Agree,White,1,0,5,1,0,0,1
Female,1.7188844073260563,Strongly Agree,White,1,0,5,1,0,0,1
Female,1.7622292482723156,Strongly Agree,White,1,0,5,1,0,0,1
Female,0.694699281311858,Strongly Agree,White,1,0,5,1,0,0,1
Male,0.2037649811060729,Strongly Agree,Red,1,0,5,1,0,1,0
Male,0.5359960843523726,Strongly Agree,Red,1,0,5,1,0,1,0
Male,0.24214881470615415,Strongly Agree,White,1,0,5,1,0,0,1
Male,1.3103708143216866,Strongly Agree,White,1,0,5,1,0,0,1
Male,0.7456440390354732,Strongly Agree,Black,1,0,5,1,1,0,0
Male,1.0506354414346828,Strongly Agree,Black,1,0,5,1,1,0,0
Male,1.9903084387291867,Strongly Agree,Red,1,0,5,1,0,1,0
Male,1.4276406326814768,Strongly Agree,Red,1,0,5,1,0,1,0
Male,0.8115521232173257,Strongly Agree,Red,1,0,5,1,0,1,0
Male,0.8586406413114602,Strongly Agree,Black,1,0,5,1,1,0,0
Male,1.6668711043229028,Strongly Agree,Black,1,0,5,1,1,0,0
Male,0.22519777891060866,Strongly Agree,Red,1,0,5,1,0,1,0
Female,1.846139934065002,Strongly Agree,Red,1,0,5,1,0,1,0
Female,1.6378097738136121,Strongly Agree,White,1,0,5,1,0,0,1
Female,0.23429554157932317,Strongly Agree,White,1,0,5,1,0,0,1
Female,0.16245466249747978,Strongly Agree,White,1,0,5,1,0,0,1
Male,0.7108433896681661,Strongly Agree,Red,1,0,5,1,0,1,0
Male,1.377808750131858,Strongly Agree,Red,1,0,5,1,0,1,0
Male,0.07699128097853514,Strongly Agree,Black,1,0,5,1,1,0,0
Male,1.9605464245231574,Strongly Agree,Red,1,0,5,1,0,1,0
Female,0.39365797259777774,Strongly Agree,White,1,0,5,1,0,0,1
Female,0.34399417675101435,Strongly Agree,White,1,0,5,1,0,0,1
Female,0.5242108741260102,Strongly Agree,White,1,0,5,1,0,0,1
Female,0.06643338843681346,Strongly Agree,White,1,0,5,1,0,0,1
Male,1.5919283715111203,Strongly Agree,Black,1,0,5,1,1,0,0
Male,0.9724729691797627,Strongly Agree,Black,1,0,5,1,1,0,0
Male,1.4244179833157093,Strongly Agree,Red,1,0,5,1,0,1,0
Male,0.26669769830000906,Strongly Agree,Red,1,0,5,1,0,1,0
Male,1.1310537225318802,Strongly Agree,White,1,0,5,1,0,0,1
Male,0.1825400245077761,Strongly Agree,Red,1,0,5,1,0,1,0
Male,0.5493602191965754,Strongly Agree,Red,1,0,5,1,0,1,0
Male,0.03311697988600695,Strongly Agree,Red,1,0,5,1,0,1,0
Male,1.3447042053610034,Strongly Agree,Red,1,0,5,1,0,1,0
Male,0.32930595334183727,Strongly Agree,White,1,0,5,1,0,0,1
Male,0.23789168326445348,Strongly Agree,Red,1,0,5,1,0,1,0
Male,0.30554574251987054,Strongly Agree,Black,1,0,5,1,1,0,0
Male,0.042238615232307056,Strongly Agree,White,1,0,5,1,0,0,1
Male,1.441809148067831,Strongly Agree,Red,1,0,5,1,0,1,0
Male,1.9600000168255423,Strongly Agree,Red,1,0,5,1,0,1,0
Male,1.5505333930783438,Strongly Agree,Red,1,0,5,1,0,1,0
Female,2.018956746520002,Strongly Agree,White,1,0,5,1,0,0,1
Female,0.5299965776624692,Strongly Agree,White,1,0,5,1,0,0,1
Female,1.7627713939260612,Strongly Agree,White,1,0,5,1,0,0,1
Female,0.3081178195573211,Strongly Agree,Black,1,0,5,1,1,0,0
Female,1.7862961641156445,Strongly Agree,Red,1,0,5,1,0,1,0
Female,1.769391805970385,Strongly Agree,Black,1,0,5,1,1,0,0
Female,1.7426344678278924,Strongly Agree,White,1,0,5,1,0,0,1
Female,1.327037370803962,Strongly Agree,White,1,0,5,1,0,0,1
Male,1.6961413104146386,Strongly Agree,Black,1,0,5,1,1,0,0
Male,1.133627152170778,Strongly Agree,Red,1,0,5,1,0,1,0
Male,1.8932958955364263,Strongly Agree,Black,1,0,5,1,1,0,0
Male,1.2584788557002136,Strongly Agree,Black,1,0,5,1,1,0,0
Male,0.254821120919409,Strongly Agree,Black,1,0,5,1,1,0,0
Male,0.8473049814946979,Strongly Agree,Black,1,0,5,1,1,0,0
Male,0.15842353944493381,Strongly Agree,Red,1,0,5,1,0,1,0
Female,0.31467834893282925,Strongly Agree,White,1,0,5,1,0,0,1
Male,1.2092147758713936,Strongly Agree,Black,1,0,5,1,1,0,0
Male,1.4698045679243772,Strongly Agree,Black,1,0,5,1,1,0,0
Male,1.7291593853579392,Strongly Agree,Red,1,0,5,1,0,1,0
Male,1.9714912373262068,Strongly Agree,White,1,0,5,1,0,0,1
Male,0.534310929049141,Strongly Agree,Red,1,0,5,1,0,1,0
Male,0.6129350682650605,Strongly Agree,Black,1,0,5,1,1,0,0
Male,0.6205409559819627,Strongly Agree,Red,1,0,5,1,0,1,0
Male,0.7179270512504387,Strongly Agree,Black,1,0,5,1,1,0,0
Female,0.1155841843379125,Strongly Agree,White,1,0,5,1,0,0,1
Female,0.2821084775875126,Strongly Agree,White,1,0,5,1,0,0,1
Female,0.4606920503015654,Strongly Agree,White,1,0,5,1,0,0,1
Male,1.1202967538364548,Strongly Agree,Black,1,0,5,1,1,0,0
Male,0.8110508556736689,Strongly Agree,Red,1,0,5,1,0,1,0
Male,0.566332092404225,Strongly Agree,White,1,0,5,1,0,0,1
Female,1.0691607552562448,Strongly Agree,White,1,0,5,1,0,0,1
Female,0.4506961313036012,Strongly Agree,White,1,0,5,1,0,0,1
Male,0.09808164129729012,Strongly Agree,Black,1,0,5,1,1,0,0
Male,0.3722506443230647,Strongly Agree,Red,1,0,5,1,0,1,0
Male,1.7371161540112663,Strongly Agree,Red,1,0,5,1,0,1,0
Male,1.338849028831832,Strongly Agree,Black,1,0,5,1,1,0,0
Male,1.2135314329464038,Strongly Agree,Black,1,0,5,1,1,0,0
Male,1.8257620912927792,Strongly Agree,Red,1,0,5,1,0,1,0
Male,0.9686200419619826,Strongly Agree,Red,1,0,5,1,0,1,0
Male,1.5473122749810284,Strongly Agree,Red,1,0,5,1,0,1,0
Female,1.12436457820291,Strongly Agree,Black,1,0,5,1,1,0,0
Female,0.3588851168496577,Strongly Agree,White,1,0,5,1,0,0,1
Female,0.06167114435770801,Strongly Agree,Red,1,0,5,1,0,1,0
Female,0.9475490959236998,Strongly Agree,Red,1,0,5,1,0,1,0
Female,2.069644708914133,Strongly Agree,White,1,0,5,1,0,0,1
Male,0.5147497897836538,Strongly Agree,Red,1,0,5,1,0,1,0
Male,1.7021100346194717,Strongly Agree,White,1,0,5,1,0,0,1
Male,0.4702717847236043,Strongly Agree,Red,1,0,5,1,0,1,0
Female,0.8059493989066807,Strongly Agree,White,1,0,5,1,0,0,1
Female,0.9958965036408539,Strongly Agree,Black,1,0,5,1,1,0,0
Female,1.705380521745139,Strongly Agree,Black,1,0,5,1,1,0,0
Female,0.766414615817378,Strongly Agree,White,1,0,5,1,0,0,1
Female,0.11261643685415819,Strongly Agree,White,1,0,5,1,0,0,1
Female,0.02002831245946293,Strongly Agree,Black,1,0,5,1,1,0,0
Female,1.3248222042957436,Strongly Agree,White,1,0,5,1,0,0,1
Female,0.0909552241859297,Strongly Agree,White,1,0,5,1,0,0,1
Female,1.1267721529465695,Strongly Agree,White,1,0,5,1,0,0,1
Male,0.42022695292407153,Strongly Agree,Red,1,0,5,1,0,1,0
Male,0.06583968851441901,Strongly Agree,Red,1,0,5,1,0,1,0
Male,1.5032887681719982,Strongly Agree,Red,1,0,5,1,0,1,0
Male,1.7451591329537597,Strongly Agree,White,1,0,5,1,0,0,1
Male,1.1520088723007993,Strongly Agree,Red,1,0,5,1,0,1,0
Male,1.5150463980090765,Strongly Agree,Red,1,0,5,1,0,1,0
Female,2.0080156973275067,Strongly Agree,Black,1,0,5,1,1,0,0
Female,0.7167451364117755,Strongly Agree,White,1,0,5,1,0,0,1
Female,0.4228497538940642,Strongly Agree,Red,1,0,5,1,0,1,0
Female,0.5904667315696199,Strongly Agree,White,1,0,5,1,0,0,1
Female,0.24700739727835852,Strongly Agree,White,1,0,5,1,0,0,1
Female,0.43389120487150834,Strongly Agree,White,1,0,5,1,0,0,1
Female,1.7827679613774392,Strongly Agree,White,1,0,5,1,0,0,1
Male,0.21685757773040037,Strongly Agree,Black,1,0,5,1,1,0,0
Male,0.29029267360704597,Strongly Agree,Black,1,0,5,1,1,0,0
Female,1.0660428369619876,Strongly Agree,Red,1,0,5,1,0,1,0
Female,0.5218327621215423,Strongly Agree,White,1,0,5,1,0,0,1
Female,0.7992251024414104,Strongly Agree,Red,1,0,5,1,0,1,0
Female,1.5625957295270467,Strongly Agree,Red,1,0,5,1,0,1,0
Female,0.026416855982343834,Strongly Agree,White,1,0,5,1,0,0,1
Female,1.1729216494642531,Strongly Agree,White,1,0,5,1,0,0,1
Female,1.9291896649404392,Strongly Agree,Black,1,0,5,1,1,0,0
Female,1.6256140062100968,Strongly Agree,Black,1,0,5,1,1,0,0
Male,0.9520993980873459,Strongly Agree,White,1,0,5,1,0,0,1
Male,0.6424398803440842,Strongly Agree,Red,1,0,5,1,0,1,0
Male,0.48077718495988414,Strongly Agree,Black,1,0,5,1,1,0,0
Male,0.6399394578794395,Strongly Agree,Black,1,0,5,1,1,0,0
Male,0.567990872602657,Strongly Agree,White,1,0,5,1,0,0,1
Male,1.8291371938549315,Strongly Agree,Black,1,0,5,1,1,0,0
Male,1.7277557740705607,Strongly Agree,Red,1,0,5,1,0,1,0
Male,0.1908592017126247,Strongly Agree,Red,1,0,5,1,0,1,0
Male,1.7464854764900322,Strongly Agree,Red,1,0,5,1,0,1,0
Female,0.5102373265637664,Strongly Agree,White,1,0,5,1,0,0,1
Female,0.5134169889660136,Strongly Agree,White,1,0,5,1,0,0,1
Female,1.364620649807949,Strongly Agree,Red,1,0,5,1,0,1,0
Male,0.2110275841048999,Strongly Agree,Red,1,0,5,1,0,1,0
Male,0.6392527989666226,Strongly Agree,Black,1,0,5,1,1,0,0
Male,1.1464096407655369,Strongly Agree,White,1,0,5,1,0,0,1
Male,1.6942161505696316,Strongly Agree,Black,1,0,5,1,1,0,0
Female,1.4172283152033396,Strongly Agree,Black,1,0,5,1,1,0,0
Female,1.4637778744201406,Strongly Agree,White,1,0,5,1,0,0,1
Male,0.2308873582767352,Strongly Agree,Black,1,0,5,1,1,0,0
Male,1.4134685960806581,Strongly Agree,Black,1,0,5,1,1,0,0
Male,0.8619019185477376,Strongly Agree,Black,1,0,5,1,1,0,0
Male,0.16294005145791926,Strongly Agree,Black,1,0,5,1,1,0,0
Male,1.356155847908543,Strongly Agree,Red,1,0,5,1,0,1,0
Male,1.0875989276581892,Strongly Agree,Black,1,0,5,1,1,0,0
Male,0.4493401412670949,Strongly Agree,Red,1,0,5,1,0,1,0
Male,1.6387041632608343,Strongly Agree,Black,1,0,5,1,1,0,0
Male,1.6980427726475082,Strongly Agree,Red,1,0,5,1,0,1,0
Male,0.7328184288927914,Strongly Agree,Red,1,0,5,1,0,1,0
Male,0.9206322552850295,Strongly Agree,Black,1,0,5,1,1,0,0
Male,1.3533811108458613,Strongly Agree,Black,1,0,5,1,1,0,0
Male,1.5076820603934205,Strongly Agree,Red,1,0,5,1,0,1,0
Male,1.8939549123102233,Strongly Agree,Red,1,0,5,1,0,1,0
Female,0.21099193351000464,Strongly Agree,White,1,0,5,1,0,0,1
Female,0.7605673689912377,Strongly Agree,Black,1,0,5,1,1,0,0
Male,0.3606724760696732,Strongly Agree,White,1,0,5,1,0,0,1
Male,0.5616936216862571,Strongly Agree,White,1,0,5,1,0,0,1
Female,0.10317927106264241,Strongly Agree,White,1,0,5,1,0,0,1
Male,1.8470591551110962,Strongly Agree,Black,1,0,5,1,1,0,0
Male,0.13137817534202936,Strongly Agree,Black,1,0,5,1,1,0,0
Male,1.0714951632025889,Strongly Agree,Black,1,0,5,1,1,0,0
Female,1.9836112645163142,Strongly Agree,White,1,0,5,1,0,0,1
Female,1.3702818045070002,Strongly Agree,Red,1,0,5,1,0,1,0
Female,0.6076610438671928,Strongly Agree,Red,1,0,5,1,0,1,0
Female,0.8339427166173129,Strongly Agree,White,1,0,5,1,0,0,1
Female,1.6775015950355034,Strongly Agree,White,1,0,5,1,0,0,1
Female,1.4485351227959486,Strongly Agree,Red,1,0,5,1,0,1,0
Female,1.1229245543527633,Strongly Agree,White,1,0,5,1,0,0,1
Female,1.5301304648324998,Strongly Agree,White,1,0,5,1,0,0,1
Female,1.9510085016598055,Strongly Agree,White,1,0,5,1,0,0,1
Male,0.8620299955712376,Strongly Agree,Black,1,0,5,1,1,0,0
Male,1.875272024492209,Strongly Agree,Black,1,0,5,1,1,0,0
Male,0.7874932560456595,Strongly Agree,White,1,0,5,1,0,0,1
Male,1.3781009425132424,Strongly Agree,Red,1,0,5,1,0,1,0
Male,0.03616961530789289,Strongly Agree,Red,1,0,5,1,0,1,0
Male,1.0821683818078696,Strongly Agree,White,1,0,5,1,0,0,1
Male,0.2224623732506919,Strongly Agree,Red,1,0,5,1,0,1,0
Male,0.6968538778744858,Strongly Agree,Red,1,0,5,1,0,1,0
Male,1.926250340127241,Strongly Agree,Black,1,0,5,1,1,0,0
Male,1.6176919537557248,Strongly Agree,Black,1,0,5,1,1,0,0
Female,1.968868177119844,Strongly Agree,White,1,0,5,1,0,0,1
Female,1.952625773017549,Strongly Agree,White,1,0,5,1,0,0,1
Female,0.6423058692564401,Strongly Agree,Black,1,0,5,1,1,0,0
Female,1.4583134023008377,Strongly Agree,Black,1,0,5,1,1,0,0
Female,1.1125224687878519,Strongly Agree,White,1,0,5,1,0,0,1
Male,1.2279676065095402,Strongly Agree,Black,1,0,5,1,1,0,0
Male,1.9941760259882333,Strongly Agree,Black,1,0,5,1,1,0,0
Male,1.2928523054963432,Strongly Agree,White,1,0,5,1,0,0,1
Male,0.3989319336947421,Strongly Agree,Red,1,0,5,1,0,1,0
Male,0.6624048155641689,Strongly Agree,White,1,0,5,1,0,0,1
Male,1.9566082051029439,Strongly Agree,Black,1,0,5,1,1,0,0
Male,0.0021728396708386544,Strongly Agree,Black,1,0,5,1,1,0,0
Male,1.3518221231807814,Strongly Agree,Black,1,0,5,1,1,0,0
Male,1.9976037703100806,Strongly Agree,Red,1,0,5,1,0,1,0
Male,1.7873902855410024,Strongly Agree,Red,1,0,5,1,0,1,0
Male,0.5220756810301713,Strongly Agree,Red,1,0,5,1,0,1,0
Male,1.326499049682069,Strongly Agree,White,1,0,5,1,0,0,1
Male,1.88675269908882,Strongly Agree,Red,1,0,5,1,0,1,0
Female,1.1356523658962459,Strongly Agree,White,1,0,5,1,0,0,1
Male,1.0145966553339165,Strongly Agree,Red,1,0,5,1,0,1,0
Male,0.8313949209124749,Strongly Agree,Black,1,0,5,1,1,0,0
Male,0.5600844368517021,Strongly Agree,Black,1,0,5,1,1,0,0
Male,0.16946348415644594,Strongly Agree,White,1,0,5,1,0,0,1
Male,1.5672914521479886,Strongly Agree,White,1,0,5,1,0,0,1
Male,0.04392963186993707,Strongly Agree,Red,1,0,5,1,0,1,0
Male,0.44086184438562365,Strongly Agree,Red,1,0,5,1,0,1,0
Male,1.3953883852886897,Strongly Agree,Red,1,0,5,1,0,1,0
Male,1.0481395499367274,Strongly Agree,Black,1,0,5,1,1,0,0
Male,0.4039885466294883,Strongly Agree,Black,1,0,5,1,1,0,0
Female,1.0837558450667457,Agree,White,1,1,4,0,0,0,1
Male,1.070550344483154,Agree,White,1,1,4,0,0,0,1
Male,1.8061823635265832,Agree,White,1,1,4,0,0,0,1
Male,1.6341668204543165,Agree,Black,1,1,4,0,1,0,0
Male,0.9420871947597025,Agree,Red,1,1,4,0,0,1,0
Male,0.3598153375142918,Agree,Black,1,1,4,0,1,0,0
Male,0.11821922504385966,Agree,Red,1,1,4,0,0,1,0
Female,0.8503466766355862,Agree,Red,1,1,4,0,0,1,0
Male,0.16080162750527308,Agree,Red,1,1,4,0,0,1,0
Male,1.2848156727034812,Agree,Red,1,1,4,0,0,1,0
Female,1.366165562287615,Agree,White,1,1,4,0,0,0,1
Female,1.2528935548655753,Agree,White,1,1,4,0,0,0,1
Female,0.8485211682449133,Agree,White,1,1,4,0,0,0,1
Female,1.2123638522177835,Agree,White,1,1,4,0,0,0,1
Female,0.9928888966157347,Agree,Red,1,1,4,0,0,1,0
Male,0.9684797048450458,Agree,Red,1,1,4,0,0,1,0
Female,0.06580985495341417,Agree,Black,1,1,4,0,1,0,0
Male,1.107039603174137,Agree,White,1,1,4,0,0,0,1
Male,0.9792679427556232,Agree,Red,1,1,4,0,0,1,0
Male,0.13127479139501003,Agree,Red,1,1,4,0,0,1,0
Male,0.7901661074226912,Agree,Red,1,1,4,0,0,1,0
Female,1.0862401172278024,Agree,Black,1,1,4,0,1,0,0
Male,0.9272490321430705,Agree,Red,1,1,4,0,0,1,0
Male,0.39088493362476884,Agree,Red,1,1,4,0,0,1,0
Male,1.048998512695484,Agree,Red,1,1,4,0,0,1,0
Female,1.092998378895828,Agree,White,1,1,4,0,0,0,1
Male,1.9452788426307568,Agree,Black,1,1,4,0,1,0,0
Female,1.5450983540183085,Agree,White,1,1,4,0,0,0,1
Female,1.4735385004743615,Agree,White,1,1,4,0,0,0,1
Female,0.6095867665016873,Agree,White,1,1,4,0,0,0,1
Female,0.46118635920419143,Agree,White,1,1,4,0,0,0,1
Female,0.07209156902533878,Agree,White,1,1,4,0,0,0,1
Female,0.5172082497380263,Agree,Red,1,1,4,0,0,1,0
Female,0.8278365501601453,Agree,White,1,1,4,0,0,0,1
Female,1.417164021429987,Agree,White,1,1,4,0,0,0,1
Female,0.7744218100416738,Agree,White,1,1,4,0,0,0,1
Male,1.9051530995133696,Agree,Red,1,1,4,0,0,1,0
Female,0.7643036964084553,Agree,White,1,1,4,0,0,0,1
Female,0.3247847376876011,Agree,White,1,1,4,0,0,0,1
Male,0.632443807045697,Agree,Black,1,1,4,0,1,0,0
Male,1.785210492007515,Agree,Red,1,1,4,0,0,1,0
Female,0.6403796656437375,Agree,White,1,1,4,0,0,0,1
Male,1.7167154905798971,Agree,Black,1,1,4,0,1,0,0
Male,0.15206025022422123,Agree,Red,1,1,4,0,0,1,0
Female,0.07943897187661723,Agree,White,1,1,4,0,0,0,1
Female,1.0537380826203617,Agree,White,1,1,4,0,0,0,1
Female,0.3219039861323539,Agree,White,1,1,4,0,0,0,1
Female,1.93506043548763,Agree,White,1,1,4,0,0,0,1
Female,0.9027913598619474,Agree,Black,1,1,4,0,1,0,0
Male,1.923451560797387,Agree,Red,1,1,4,0,0,1,0
Male,1.388018358693637,Agree,Red,1,1,4,0,0,1,0
Male,1.236796650255688,Agree,Black,1,1,4,0,1,0,0
Female,0.03844677984134362,Agree,Black,1,1,4,0,1,0,0
Female,1.6292727155244533,Agree,Black,1,1,4,0,1,0,0
Male,1.6026688373678109,Agree,Red,1,1,4,0,0,1,0
Female,1.3523984012906516,Agree,White,1,1,4,0,0,0,1
Male,0.02905054780202996,Agree,White,1,1,4,0,0,0,1
Female,1.0755045670537753,Agree,Red,1,1,4,0,0,1,0
Female,0.4539708389778187,Agree,Red,1,1,4,0,0,1,0
Female,1.45342560995889,Agree,Black,1,1,4,0,1,0,0
Female,0.9007511801946064,Agree,White,1,1,4,0,0,0,1
Female,1.1128746224039654,Agree,White,1,1,4,0,0,0,1
Female,0.8766558264542744,Agree,White,1,1,4,0,0,0,1
Female,0.8510944104127603,Agree,Red,1,1,4,0,0,1,0
Male,0.08656632292037182,Agree,Red,1,1,4,0,0,1,0
Female,0.8358696257968473,Agree,Red,1,1,4,0,0,1,0
Male,0.2635039619975533,Agree,Red,1,1,4,0,0,1,0
Male,0.7414618414977802,Agree,Red,1,1,4,0,0,1,0
Female,0.2037714374782857,Agree,Red,1,1,4,0,0,1,0
Female,1.9182475651913293,Agree,Black,1,1,4,0,1,0,0
Female,0.7653036170080821,Agree,Red,1,1,4,0,0,1,0
Female,0.5353800950738662,Agree,Black,1,1,4,0,1,0,0
Male,0.6978476691977544,Agree,Black,1,1,4,0,1,0,0
Male,1.08631860277781,Agree,White,1,1,4,0,0,0,1
Male,1.7013354844720392,Agree,Black,1,1,4,0,1,0,0
Male,1.4513150777822867,Agree,Black,1,1,4,0,1,0,0
Male,0.7965064346862626,Agree,Red,1,1,4,0,0,1,0
Male,0.34105170714221233,Agree,Red,1,1,4,0,0,1,0
Male,1.9727718527782472,Agree,Red,1,1,4,0,0,1,0
Female,0.47703436483774414,Agree,White,1,1,4,0,0,0,1
Male,0.5922095144099977,Agree,White,1,1,4,0,0,0,1
Male,1.2145739036390855,Agree,Red,1,1,4,0,0,1,0
Male,0.9249625765132707,Agree,Red,1,1,4,0,0,1,0
Male,0.330602170402297,Agree,White,1,1,4,0,0,0,1
Male,0.7596854252962505,Agree,White,1,1,4,0,0,0,1
Male,1.5544044200208715,Agree,Red,1,1,4,0,0,1,0
Male,1.689236138232452,Agree,Black,1,1,4,0,1,0,0
Male,0.2507993321561559,Agree,Red,1,1,4,0,0,1,0
Male,0.2600349746674428,Agree,Red,1,1,4,0,0,1,0
Male,0.8534622825721699,Agree,Red,1,1,4,0,0,1,0
Male,1.3985992215461402,Agree,Black,1,1,4,0,1,0,0
Male,1.927096153343377,Agree,Black,1,1,4,0,1,0,0
Male,0.07569367523713338,Agree,Black,1,1,4,0,1,0,0
Male,0.815580521485556,Agree,Black,1,1,4,0,1,0,0
Female,0.7486322732759061,Agree,White,1,1,4,0,0,0,1
Female,1.614386947045001,Agree,White,1,1,4,0,0,0,1
Male,0.4109816361520794,Agree,Red,1,1,4,0,0,1,0
Male,1.3947346792345972,Agree,Black,1,1,4,0,1,0,0
Male,1.279422392085941,Agree,Red,1,1,4,0,0,1,0
Male,0.2671300393540275,Agree,Red,1,1,4,0,0,1,0
Male,0.6102085265031091,Agree,Red,1,1,4,0,0,1,0
Female,1.3846081740591425,Agree,White,1,1,4,0,0,0,1
Female,1.940219784367923,Agree,Red,1,1,4,0,0,1,0
Male,0.032244270052959656,Agree,Black,1,1,4,0,1,0,0
Female,1.5155947711969733,Agree,Black,1,1,4,0,1,0,0
Female,0.22790220374721898,Agree,White,1,1,4,0,0,0,1
Female,1.4615821917404368,Agree,Red,1,1,4,0,0,1,0
Female,0.26565541416289423,Agree,White,1,1,4,0,0,0,1
Female,0.6215457612754671,Agree,Red,1,1,4,0,0,1,0
Female,0.2581836417359915,Agree,White,1,1,4,0,0,0,1
Female,0.11630466471106801,Agree,White,1,1,4,0,0,0,1
Female,0.37636117411895537,Agree,Red,1,1,4,0,0,1,0
Male,1.5400557745830727,Agree,White,1,1,4,0,0,0,1
Female,0.959732132729328,Agree,Red,1,1,4,0,0,1,0
Female,1.6292071373950234,Agree,White,1,1,4,0,0,0,1
Female,1.5817508281697004,Agree,White,1,1,4,0,0,0,1
Male,0.008434152431247332,Agree,Black,1,1,4,0,1,0,0
Male,0.4227211229760208,Agree,Black,1,1,4,0,1,0,0
Male,1.8415826673893956,Agree,White,1,1,4,0,0,0,1
Female,0.4024613386435333,Agree,Black,1,1,4,0,1,0,0
Female,0.8895662449150571,Agree,White,1,1,4,0,0,0,1
Female,1.560107063598439,Agree,White,1,1,4,0,0,0,1
Female,0.35686798947475085,Agree,Red,1,1,4,0,0,1,0
Male,1.9705001260374972,Agree,Black,1,1,4,0,1,0,0
Male,0.6953128979574442,Agree,Red,1,1,4,0,0,1,0
Male,0.4337440691522708,Agree,Red,1,1,4,0,0,1,0
Female,1.9417927563206416,Agree,Red,1,1,4,0,0,1,0
Male,1.236994277968795,Agree,White,1,1,4,0,0,0,1
Male,1.9674532618541651,Agree,Red,1,1,4,0,0,1,0
Male,0.12446151033258793,Agree,Black,1,1,4,0,1,0,0
Male,1.5612302184548397,Agree,Red,1,1,4,0,0,1,0
Male,0.6003917298118998,Agree,Red,1,1,4,0,0,1,0
Female,0.6827676307004091,Agree,Red,1,1,4,0,0,1,0
Female,1.5813981396027388,Agree,White,1,1,4,0,0,0,1
Female,0.5701407177629298,Agree,White,1,1,4,0,0,0,1
Female,1.4735423291496983,Agree,Red,1,1,4,0,0,1,0
Male,1.4240731109036178,Agree,Black,1,1,4,0,1,0,0
Female,0.126646843165404,Agree,White,1,1,4,0,0,0,1
Female,0.7272569287963043,Agree,White,1,1,4,0,0,0,1
Male,0.8261233902401677,Agree,Black,1,1,4,0,1,0,0
Male,0.2118146720129734,Agree,White,1,1,4,0,0,0,1
Female,0.23093958539455578,Agree,Red,1,1,4,0,0,1,0
Female,1.8751474620646993,Agree,White,1,1,4,0,0,0,1
Male,1.5567131341923424,Agree,Red,1,1,4,0,0,1,0
Male,1.5331213299673048,Agree,Black,1,1,4,0,1,0,0
Male,2.048023870376848,Agree,Black,1,1,4,0,1,0,0
Male,0.7343542261711684,Agree,Black,1,1,4,0,1,0,0
Male,1.2386753251866953,Agree,White,1,1,4,0,0,0,1
Male,0.4958024516472095,Agree,Red,1,1,4,0,0,1,0
Female,1.066671659557039,Agree,White,1,1,4,0,0,0,1
Female,0.5247133384518383,Agree,Red,1,1,4,0,0,1,0
Female,0.3822699125044071,Agree,Red,1,1,4,0,0,1,0
Male,1.8525422380120125,Agree,Black,1,1,4,0,1,0,0
Female,0.04617042026935628,Agree,Red,1,1,4,0,0,1,0
Female,0.47984745232093,Agree,Red,1,1,4,0,0,1,0
Female,0.17056734895242823,Agree,Red,1,1,4,0,0,1,0
Female,0.2680649776530246,Agree,Black,1,1,4,0,1,0,0
Male,0.8366988549135482,Agree,Red,1,1,4,0,0,1,0
Male,0.624796019670053,Agree,Red,1,1,4,0,0,1,0
Male,0.29783179134202115,Agree,Black,1,1,4,0,1,0,0
Male,0.10446169801803776,Agree,Red,1,1,4,0,0,1,0
Male,1.7740543278572394,Agree,Black,1,1,4,0,1,0,0
Male,1.3557150113416816,Agree,White,1,1,4,0,0,0,1
Male,0.2680492242685877,Agree,Red,1,1,4,0,0,1,0
Female,1.7568254523623674,Agree,Red,1,1,4,0,0,1,0
Female,0.2793112413885598,Agree,White,1,1,4,0,0,0,1
Female,1.571343128480507,Agree,White,1,1,4,0,0,0,1
Female,1.703481644922326,Agree,White,1,1,4,0,0,0,1
Male,0.7082111408011811,Agree,White,1,1,4,0,0,0,1
Female,1.8783146968114977,Agree,Red,1,1,4,0,0,1,0
Female,1.7305920756158573,Agree,Black,1,1,4,0,1,0,0
Female,1.5129912075500198,Agree,White,1,1,4,0,0,0,1
Female,0.5455999121721768,Agree,White,1,1,4,0,0,0,1
Male,0.33709144820227904,Agree,Black,1,1,4,0,1,0,0
Male,1.538187628666091,Agree,Black,1,1,4,0,1,0,0
Male,1.6452156069270496,Agree,Red,1,1,4,0,0,1,0
Female,0.7871857844949105,Agree,White,1,1,4,0,0,0,1
Female,1.368192499231116,Agree,Red,1,1,4,0,0,1,0
Female,1.0000091293172166,Agree,Black,1,1,4,0,1,0,0
Female,1.7189304883099683,Agree,White,1,1,4,0,0,0,1
Female,0.18683675499479055,Agree,Red,1,1,4,0,0,1,0
Male,0.577997277561213,Agree,White,1,1,4,0,0,0,1
Male,1.4637471849061146,Agree,Black,1,1,4,0,1,0,0
Female,1.3746286957625349,Agree,White,1,1,4,0,0,0,1
Female,1.5114012838264939,Agree,Red,1,1,4,0,0,1,0
Female,1.4947938724573557,Agree,Red,1,1,4,0,0,1,0
Female,1.9293326090179452,Agree,White,1,1,4,0,0,0,1
Male,0.36558230590910995,Agree,Black,1,1,4,0,1,0,0
Male,1.6544215725357037,Agree,Red,1,1,4,0,0,1,0
Male,1.1806956666039248,Agree,Red,1,1,4,0,0,1,0
Male,1.7708175054342128,Agree,Red,1,1,4,0,0,1,0
Male,1.4965824433510702,Agree,White,1,1,4,0,0,0,1
Male,1.9388374239496493,Agree,Black,1,1,4,0,1,0,0
Male,0.1412442931000839,Agree,White,1,1,4,0,0,0,1
Female,1.8417245019785895,Agree,White,1,1,4,0,0,0,1
Male,0.0060612015383466125,Agree,White,1,1,4,0,0,0,1
Male,0.8119849419569015,Agree,Black,1,1,4,0,1,0,0
Male,0.1400176319480544,Agree,Black,1,1,4,0,1,0,0
Female,1.373235118630105,Agree,White,1,1,4,0,0,0,1
Female,1.4785521870162093,Agree,White,1,1,4,0,0,0,1
Female,2.0518202606899685,Agree,White,1,1,4,0,0,0,1
Female,0.7201988910552677,Agree,Red,1,1,4,0,0,1,0
Male,0.5145838375222342,Agree,Black,1,1,4,0,1,0,0
Male,1.2913770026513933,Agree,Black,1,1,4,0,1,0,0
Male,1.0308240097524015,Agree,Red,1,1,4,0,0,1,0
Male,1.3362140599645789,Agree,Black,1,1,4,0,1,0,0
Female,1.9745767487896018,Agree,White,1,1,4,0,0,0,1
Male,1.4105805765173858,Agree,Red,1,1,4,0,0,1,0
Female,1.9528672644553478,Agree,White,1,1,4,0,0,0,1
Female,0.7745034672447949,Agree,White,1,1,4,0,0,0,1
Female,0.8804242028718984,Agree,White,1,1,4,0,0,0,1
Female,0.028959176686084637,Agree,Black,1,1,4,0,1,0,0
Female,0.317107791946655,Agree,Black,1,1,4,0,1,0,0
Female,0.4480405785359959,Agree,Red,1,1,4,0,0,1,0
Male,1.9639855139298221,Agree,Black,1,1,4,0,1,0,0
Male,0.6618394087898679,Agree,Red,1,1,4,0,0,1,0
Male,0.471657599738813,Agree,Black,1,1,4,0,1,0,0
Male,1.8255502130629488,Agree,Black,1,1,4,0,1,0,0
Male,1.523223816224731,Agree,Black,1,1,4,0,1,0,0
Male,1.8972737868310106,Agree,Black,1,1,4,0,1,0,0
Male,0.18436573843117485,Agree,Black,1,1,4,0,1,0,0
Male,1.1644566324226668,Agree,Black,1,1,4,0,1,0,0
Female,1.5914078406174392,Agree,White,1,1,4,0,0,0,1
Male,1.8962096137323357,Agree,Red,1,1,4,0,0,1,0
Male,0.5084904285042333,Agree,White,1,1,4,0,0,0,1
Female,0.3372365657606689,Slightly Agree,White,1,2,3,0,0,0,1
Male,0.32451094460030105,Slightly Agree,White,1,2,3,0,0,0,1
Female,0.4279248126198873,Slightly Agree,Black,1,2,3,0,1,0,0
Male,2.0474592350023615,Slightly Agree,White,1,2,3,0,0,0,1
Male,1.3714177007877235,Slightly Agree,White,1,2,3,0,0,0,1
Female,1.128616809430837,Slightly Agree,White,1,2,3,0,0,0,1
Female,0.11093513633859309,Slightly Agree,Black,1,2,3,0,1,0,0
Male,0.406513006122237,Slightly Agree,Black,1,2,3,0,1,0,0
Male,1.7630520417832527,Slightly Agree,Black,1,2,3,0,1,0,0
Male,1.3068878193573197,Slightly Agree,White,1,2,3,0,0,0,1
Male,0.8134903843985924,Slightly Agree,Red,1,2,3,0,0,1,0
Female,0.28144005877424527,Slightly Agree,White,1,2,3,0,0,0,1
Female,0.5725650219762055,Slightly Agree,Red,1,2,3,0,0,1,0
Male,0.6931687867682194,Slightly Agree,Black,1,2,3,0,1,0,0
Male,1.0141555007237164,Slightly Agree,Red,1,2,3,0,0,1,0
Female,1.7641590978034343,Slightly Agree,Red,1,2,3,0,0,1,0
Male,0.815725646024319,Slightly Agree,Black,1,2,3,0,1,0,0
Male,0.1569014277181307,Slightly Agree,White,1,2,3,0,0,0,1
Male,0.035847711284838976,Slightly Agree,Red,1,2,3,0,0,1,0
Female,1.9898478118049048,Slightly Agree,Black,1,2,3,0,1,0,0
Female,1.8288248377620837,Slightly Agree,White,1,2,3,0,0,0,1
Female,0.8468462241358568,Slightly Agree,Red,1,2,3,0,0,1,0
Female,1.4313404163732395,Slightly Agree,White,1,2,3,0,0,0,1
Female,1.6267340805647128,Slightly Agree,White,1,2,3,0,0,0,1
Female,0.6269901269090826,Slightly Agree,White,1,2,3,0,0,0,1
Female,0.21562807695606073,Slightly Agree,Black,1,2,3,0,1,0,0
Male,1.3550850839868376,Slightly Agree,Red,1,2,3,0,0,1,0
Male,0.098210886661876,Slightly Agree,Red,1,2,3,0,0,1,0
Female,1.1740344930612518,Slightly Agree,White,1,2,3,0,0,0,1
Male,0.6904598273231168,Slightly Agree,Black,1,2,3,0,1,0,0
Female,0.19981135374954231,Slightly Agree,White,1,2,3,0,0,0,1
Female,0.8551473341960669,Slightly Agree,Red,1,2,3,0,0,1,0
Female,0.2334804107211067,Slightly Agree,White,1,2,3,0,0,0,1
Male,0.057419523612243034,Slightly Agree,Black,1,2,3,0,1,0,0
Male,0.8435812383666837,Slightly Agree,White,1,2,3,0,0,0,1
Male,1.4570826843719347,Slightly Agree,Red,1,2,3,0,0,1,0
Male,0.17141655636870015,Slightly Agree,Black,1,2,3,0,1,0,0
Female,1.8006764862854092,Slightly Agree,Red,1,2,3,0,0,1,0
Female,0.6750201034823989,Slightly Agree,White,1,2,3,0,0,0,1
Female,1.5222058607734288,Slightly Agree,White,1,2,3,0,0,0,1
Female,0.8669238773934013,Slightly Agree,White,1,2,3,0,0,0,1
Male,1.5857715195324569,Slightly Agree,Black,1,2,3,0,1,0,0
Male,0.34564387145574244,Slightly Agree,White,1,2,3,0,0,0,1
Male,0.44602409712449387,Slightly Agree,Red,1,2,3,0,0,1,0
Female,1.3652760049025638,Slightly Agree,White,1,2,3,0,0,0,1
Male,1.170871591541321,Slightly Agree,Red,1,2,3,0,0,1,0
Male,1.6226025072773687,Slightly Agree,Red,1,2,3,0,0,1,0
Female,0.08911636766040133,Slightly Agree,White,1,2,3,0,0,0,1
Female,0.3191539546144735,Slightly Agree,Red,1,2,3,0,0,1,0
Female,0.2978230592486136,Slightly Agree,White,1,2,3,0,0,0,1
Male,1.2777230720075832,Slightly Agree,Red,1,2,3,0,0,1,0
Female,0.6938318066513366,Slightly Agree,Red,1,2,3,0,0,1,0
Female,0.272857467671137,Slightly Agree,Black,1,2,3,0,1,0,0
Female,1.451420621900482,Slightly Agree,White,1,2,3,0,0,0,1
Female,1.5642297664327212,Slightly Agree,Red,1,2,3,0,0,1,0
Female,1.219690371281164,Slightly Agree,White,1,2,3,0,0,0,1
Male,0.004881521346742037,Slightly Agree,Black,1,2,3,0,1,0,0
Male,1.2494960980914966,Slightly Agree,Black,1,2,3,0,1,0,0
Female,0.533056831158427,Slightly Agree,White,1,2,3,0,0,0,1
Female,1.7483732090138047,Slightly Agree,Black,1,2,3,0,1,0,0
Female,0.8030503530631105,Slightly Agree,White,1,2,3,0,0,0,1
Female,1.6013717263926341,Slightly Agree,Black,1,2,3,0,1,0,0
Female,1.6007021744885257,Slightly Agree,White,1,2,3,0,0,0,1
Female,1.8607684778064912,Slightly Agree,Red,1,2,3,0,0,1,0
Male,0.206910487649734,Slightly Agree,Black,1,2,3,0,1,0,0
Female,1.3751567533855928,Slightly Agree,White,1,2,3,0,0,0,1
Female,2.0703414822028052,Slightly Agree,White,1,2,3,0,0,0,1
Female,1.545903442418222,Slightly Agree,Red,1,2,3,0,0,1,0
Male,1.546233701468963,Slightly Agree,Red,1,2,3,0,0,1,0
Male,1.633657603802512,Slightly Agree,White,1,2,3,0,0,0,1
Male,0.656956121831562,Slightly Agree,Red,1,2,3,0,0,1,0
Male,1.8835350459541695,Slightly Agree,Black,1,2,3,0,1,0,0
Male,2.0412007918291715,Slightly Agree,Black,1,2,3,0,1,0,0
Male,0.07077593062474703,Slightly Agree,Red,1,2,3,0,0,1,0
Male,1.2630651081952267,Slightly Agree,White,1,2,3,0,0,0,1
Male,1.8320661859381768,Slightly Agree,Red,1,2,3,0,0,1,0
Male,0.33212916923555036,Slightly Agree,Black,1,2,3,0,1,0,0
Male,1.673410590870951,Slightly Agree,Black,1,2,3,0,1,0,0
Male,1.4424871673121258,Slightly Agree,Red,1,2,3,0,0,1,0
Male,1.2033956084633073,Slightly Agree,Red,1,2,3,0,0,1,0
Female,2.024798110615871,Slightly Agree,White,1,2,3,0,0,0,1
Female,0.8106909077528756,Slightly Agree,Red,1,2,3,0,0,1,0
Male,0.1939626637157235,Slightly Agree,Red,1,2,3,0,0,1,0
Male,0.8140796880096239,Slightly Agree,Red,1,2,3,0,0,1,0
Male,1.9229882887367076,Slightly Agree,Red,1,2,3,0,0,1,0
Male,0.14835682163475725,Slightly Agree,White,1,2,3,0,0,0,1
Male,1.1623391472483011,Slightly Agree,White,1,2,3,0,0,0,1
Male,1.3271258427169463,Slightly Agree,Black,1,2,3,0,1,0,0
Female,0.22993734516959835,Slightly Agree,White,1,2,3,0,0,0,1
Male,1.3476770349938991,Slightly Agree,Red,1,2,3,0,0,1,0
Female,0.5402793469759545,Slightly Agree,White,1,2,3,0,0,0,1
Female,0.9731731486597663,Slightly Agree,Red,1,2,3,0,0,1,0
Male,0.3511669557934012,Slightly Agree,White,1,2,3,0,0,0,1
Male,1.8311709634774225,Slightly Agree,Black,1,2,3,0,1,0,0
Male,1.74551316178838,Slightly Agree,Black,1,2,3,0,1,0,0
Female,1.818438460731425,Slightly Agree,White,1,2,3,0,0,0,1
Female,0.4878214967165401,Slightly Agree,Red,1,2,3,0,0,1,0
Male,1.436623749327913,Slightly Agree,Red,1,2,3,0,0,1,0
Male,0.5627097936574413,Slightly Agree,White,1,2,3,0,0,0,1
Male,1.715116389819203,Slightly Agree,Black,1,2,3,0,1,0,0
Male,0.46924870122582907,Slightly Agree,Red,1,2,3,0,0,1,0
Male,0.9506144615284579,Slightly Agree,Red,1,2,3,0,0,1,0
Female,0.595670424110421,Slightly Agree,White,1,2,3,0,0,0,1
Male,0.5337277039950683,Slightly Agree,Black,1,2,3,0,1,0,0
Female,0.3737475479682971,Slightly Agree,White,1,2,3,0,0,0,1
Male,1.3471174023025456,Slightly Agree,Black,1,2,3,0,1,0,0
Male,1.6355891830106786,Slightly Agree,White,1,2,3,0,0,0,1
Male,2.041475633350001,Slightly Agree,Black,1,2,3,0,1,0,0
Female,0.6842115596531684,Slightly Agree,Black,1,2,3,0,1,0,0
Female,0.7339819811055123,Slightly Agree,White,1,2,3,0,0,0,1
Male,1.264914208376192,Slightly Agree,Red,1,2,3,0,0,1,0
Male,1.2955412825880381,Slightly Agree,Black,1,2,3,0,1,0,0
Male,1.9592859856592288,Slightly Agree,White,1,2,3,0,0,0,1
Male,0.27850299605850515,Slightly Agree,White,1,2,3,0,0,0,1
Male,0.7252342086390594,Slightly Agree,Red,1,2,3,0,0,1,0
Male,0.3153893089245308,Slightly Agree,Black,1,2,3,0,1,0,0
Male,1.9761309479324503,Slightly Agree,Black,1,2,3,0,1,0,0
Male,1.07607596308861,Slightly Agree,Black,1,2,3,0,1,0,0
Male,1.4752864643367185,Slightly Agree,White,1,2,3,0,0,0,1
Female,0.6460790737283817,Slightly Disagree,White,1,3,2,0,0,0,1
Male,1.1720389821500974,Slightly Disagree,Red,1,3,2,0,0,1,0
Male,0.001032224467852373,Slightly Disagree,White,1,3,2,0,0,0,1
Male,1.4821518434464709,Slightly Disagree,Black,1,3,2,0,1,0,0
Male,0.9483559379892754,Slightly Disagree,Black,1,3,2,0,1,0,0
Male,1.6951343720005019,Slightly Disagree,Black,1,3,2,0,1,0,0
Female,0.7743385729901974,Slightly Disagree,White,1,3,2,0,0,0,1
Male,0.37846855664342205,Slightly Disagree,Black,1,3,2,0,1,0,0
Female,1.604427724461227,Slightly Disagree,White,1,3,2,0,0,0,1
Male,0.5244984602218355,Slightly Disagree,Black,1,3,2,0,1,0,0
Male,0.9196650748384826,Slightly Disagree,Red,1,3,2,0,0,1,0
Male,0.2991036628632448,Slightly Disagree,White,1,3,2,0,0,0,1
Male,1.9747342958114877,Slightly Disagree,Red,1,3,2,0,0,1,0
Male,1.5209493936391703,Slightly Disagree,Red,1,3,2,0,0,1,0
Male,0.7736713162635046,Slightly Disagree,White,1,3,2,0,0,0,1
Female,1.5451541388835308,Slightly Disagree,Black,1,3,2,0,1,0,0
Female,0.44110652402166906,Slightly Disagree,Black,1,3,2,0,1,0,0
Female,1.83730146825003,Slightly Disagree,White,1,3,2,0,0,0,1
Male,1.1763328813406255,Slightly Disagree,Red,1,3,2,0,0,1,0
Female,2.053864006240067,Slightly Disagree,Black,1,3,2,0,1,0,0
Male,1.296959791402052,Slightly Disagree,White,1,3,2,0,0,0,1
Male,0.7864664716009754,Slightly Disagree,Black,1,3,2,0,1,0,0
Male,1.8522123875513803,Slightly Disagree,Red,1,3,2,0,0,1,0
Male,1.921687479664776,Slightly Disagree,Black,1,3,2,0,1,0,0
Male,1.2276308651411867,Slightly Disagree,White,1,3,2,0,0,0,1
Male,0.6536842814622528,Slightly Disagree,Red,1,3,2,0,0,1,0
Male,1.2865632193824101,Slightly Disagree,Black,1,3,2,0,1,0,0
Male,1.567834257742226,Slightly Disagree,Black,1,3,2,0,1,0,0
Female,0.9089478396889671,Slightly Disagree,White,1,3,2,0,0,0,1
Male,1.8880446016422274,Slightly Disagree,Black,1,3,2,0,1,0,0
Female,1.9909058389515848,Slightly Disagree,White,1,3,2,0,0,0,1
Female,1.5858023848840035,Slightly Disagree,Black,1,3,2,0,1,0,0
Male,0.6954848420654965,Slightly Disagree,Black,1,3,2,0,1,0,0
Female,0.6670816348550397,Slightly Disagree,Black,1,3,2,0,1,0,0
Male,1.3177772026064751,Slightly Disagree,Red,1,3,2,0,0,1,0
Female,0.691863621369627,Slightly Disagree,White,1,3,2,0,0,0,1
Male,0.8274470099386789,Slightly Disagree,Black,1,3,2,0,1,0,0
Male,1.8751895658911315,Slightly Disagree,Black,1,3,2,0,1,0,0
Female,1.3069595361234105,Slightly Disagree,White,1,3,2,0,0,0,1
Male,1.9908327566468695,Slightly Disagree,Black,1,3,2,0,1,0,0
Male,0.8086737084070251,Slightly Disagree,Black,1,3,2,0,1,0,0
Female,0.0206114276997476,Slightly Disagree,Red,1,3,2,0,0,1,0
Male,1.1860432546272428,Slightly Disagree,Black,1,3,2,0,1,0,0
Female,1.1264786516680962,Slightly Disagree,Red,1,3,2,0,0,1,0
Female,0.9292958877383656,Slightly Disagree,Red,1,3,2,0,0,1,0
Female,0.6126781877754438,Slightly Disagree,White,1,3,2,0,0,0,1
Female,0.15744668275759405,Slightly Disagree,Red,1,3,2,0,0,1,0
Female,1.7664569727114798,Slightly Disagree,White,1,3,2,0,0,0,1
Male,0.7939140879505586,Slightly Disagree,White,1,3,2,0,0,0,1
Male,1.4221943501445011,Slightly Disagree,Red,1,3,2,0,0,1,0
Female,1.6808768452023337,Slightly Disagree,White,1,3,2,0,0,0,1
Female,1.106172961243944,Slightly Disagree,White,1,3,2,0,0,0,1
Male,0.3231678201109303,Slightly Disagree,Red,1,3,2,0,0,1,0
Female,0.49712842172368665,Slightly Disagree,Black,1,3,2,0,1,0,0
Male,1.549181644180096,Disagree,Black,1,4,1,0,1,0,0
Male,0.12055439709133509,Disagree,Black,1,4,1,0,1,0,0
Male,0.11212228095232606,Disagree,Red,1,4,1,0,0,1,0
Male,0.0851974754093914,Disagree,White,1,4,1,0,0,0,1
Male,1.8225864276502808,Disagree,Black,1,4,1,0,1,0,0
Male,0.1879112291254795,Disagree,Red,1,4,1,0,0,1,0
Male,1.3722012441950984,Disagree,White,1,4,1,0,0,0,1
Male,2.039672016809719,Disagree,Black,1,4,1,0,1,0,0
Female,0.6505547689790304,Disagree,Red,1,4,1,0,0,1,0
Male,0.4481925424750812,Disagree,Black,1,4,1,0,1,0,0
Female,0.6719843005043563,Disagree,White,1,4,1,0,0,0,1
Female,0.49800219823542313,Disagree,White,1,4,1,0,0,0,1
Male,1.0893601273101732,Disagree,White,1,4,1,0,0,0,1
Female,0.7018019292090608,Disagree,White,1,4,1,0,0,0,1
Female,0.234748649692617,Disagree,White,1,4,1,0,0,0,1
Male,1.8065031232859416,Disagree,Red,1,4,1,0,0,1,0
Male,0.8114852466566993,Disagree,Red,1,4,1,0,0,1,0
Male,0.060415836061875304,Disagree,Red,1,4,1,0,0,1,0
Female,0.8457288444781967,Disagree,White,1,4,1,0,0,0,1
Female,0.17951949213566668,Disagree,White,1,4,1,0,0,0,1
Female,0.979828539539601,Disagree,Black,1,4,1,0,1,0,0
Female,0.20872205607814226,Disagree,White,1,4,1,0,0,0,1
Male,1.0152699488492956,Disagree,White,1,4,1,0,0,0,1
Male,1.4097520895793436,Disagree,Red,1,4,1,0,0,1,0
Male,1.6712466744478247,Disagree,Red,1,4,1,0,0,1,0
Male,0.1353648734958918,Disagree,Black,1,4,1,0,1,0,0
Female,0.17051752585456262,Disagree,White,1,4,1,0,0,0,1
Male,1.1841508729110084,Disagree,Black,1,4,1,0,1,0,0
Male,0.8142026557345285,Disagree,Black,1,4,1,0,1,0,0
Male,0.07995125572358115,Disagree,White,1,4,1,0,0,0,1
Male,0.7625981818863962,Disagree,Red,1,4,1,0,0,1,0
Female,1.536347125522091,Disagree,White,1,4,1,0,0,0,1
Female,1.7562335126707351,Disagree,White,1,4,1,0,0,0,1
Female,0.5353806008633613,Disagree,Red,1,4,1,0,0,1,0
Male,1.1663475940461139,Disagree,White,1,4,1,0,0,0,1
Male,1.5731185999917383,Disagree,Black,1,4,1,0,1,0,0
Female,1.9021761750819914,Disagree,White,1,4,1,0,0,0,1
Male,0.6858048168056752,Disagree,White,1,4,1,0,0,0,1
Male,1.7880045459673906,Disagree,Red,1,4,1,0,0,1,0
Male,0.8217293316444618,Disagree,Red,1,4,1,0,0,1,0
Male,1.2957407941851193,Disagree,Red,1,4,1,0,0,1,0
Male,0.5091438353332393,Disagree,Black,1,4,1,0,1,0,0
Male,1.0957383144876836,Disagree,Red,1,4,1,0,0,1,0
Male,1.2420698248464905,Disagree,Red,1,4,1,0,0,1,0
Female,0.5415427016643894,Disagree,Black,1,4,1,0,1,0,0
Male,0.2274980893869673,Disagree,Red,1,4,1,0,0,1,0
Female,0.8391752716279569,Disagree,Black,1,4,1,0,1,0,0
Female,1.9106362044008982,Strongly Disagree,White,1,5,0,0,0,0,1
Female,1.3061012912805692,Strongly Disagree,White,1,5,0,0,0,0,1
Female,1.0680468979525901,Strongly Disagree,Black,1,5,0,0,1,0,0
Female,1.8280917798704424,Strongly Disagree,White,1,5,0,0,0,0,1
Female,2.0532079850390064,Strongly Disagree,White,1,5,0,0,0,0,1
Female,1.66067591945593,Strongly Disagree,Black,1,5,0,0,1,0,0
Female,0.10883952549126709,Strongly Disagree,White,1,5,0,0,0,0,1
Male,1.7543181496821663,Strongly Disagree,White,1,5,0,0,0,0,1
Male,1.486033818475927,Strongly Disagree,Black,1,5,0,0,1,0,0
Female,0.7439532789324984,Strongly Disagree,Red,1,5,0,0,0,1,0
Female,1.430468021289615,Strongly Disagree,White,1,5,0,0,0,0,1
Female,1.318249714300474,Strongly Disagree,Red,1,5,0,0,0,1,0
Female,1.2634328111322892,Strongly Disagree,White,1,5,0,0,0,0,1
Female,1.0513224127289125,Strongly Disagree,Black,1,5,0,0,1,0,0
Female,0.5250297866070344,Strongly Disagree,Black,1,5,0,0,1,0,0
Male,0.1903755887940488,Strongly Disagree,Red,1,5,0,0,0,1,0
Male,0.6147932151008874,Strongly Disagree,Red,1,5,0,0,0,1,0
Female,1.6261079988831155,Strongly Disagree,White,1,5,0,0,0,0,1
Female,0.7747549535237116,Strongly Disagree,White,1,5,0,0,0,0,1
Female,1.8925169817390994,Strongly Disagree,White,1,5,0,0,0,0,1
Female,0.22860059379972186,Strongly Disagree,White,1,5,0,0,0,0,1
Female,0.28262593639301864,Strongly Disagree,Red,1,5,0,0,0,1,0
Female,0.3287952293326903,Strongly Disagree,White,1,5,0,0,0,0,1
Female,0.46288045557496965,Strongly Disagree,Red,1,5,0,0,0,1,0
Female,0.9056846783748923,Strongly Disagree,Black,1,5,0,0,1,0,0
Male,1.4148788971046922,Strongly Disagree,White,1,5,0,0,0,0,1
Male,0.7670855121323563,Strongly Disagree,White,1,5,0,0,0,0,1
Male,0.041767340644530575,Strongly Disagree,Red,1,5,0,0,0,1,0
Male,1.4555265998137557,Strongly Disagree,Red,1,5,0,0,0,1,0
Male,0.5458906566543319,Strongly Disagree,Red,1,5,0,0,0,1,0
Female,1.7765992302047517,Strongly Disagree,Red,1,5,0,0,0,1,0
Female,0.42579463683415814,Strongly Disagree,White,1,5,0,0,0,0,1
Female,0.561453229648298,Strongly Disagree,Red,1,5,0,0,0,1,0
Female,0.020788185816315335,Strongly Disagree,Black,1,5,0,0,1,0,0
Female,0.222482930525114,Strongly Disagree,Red,1,5,0,0,0,1,0
Male,1.237711106534164,Strongly Disagree,Red,1,5,0,0,0,1,0
Female,1.0829950659560172,Strongly Disagree,White,1,5,0,0,0,0,1
Female,1.629629648057125,Strongly Disagree,White,1,5,0,0,0,0,1
Female,1.7552505323247545,Strongly Disagree,White,1,5,0,0,0,0,1
Female,1.4452186543082268,Strongly Disagree,White,1,5,0,0,0,0,1
Female,0.3161502652809485,Strongly Disagree,Black,1,5,0,0,1,0,0
Female,0.5824043830517563,Strongly Disagree,Black,1,5,0,0,1,0,0
Female,1.3982690544530765,Strongly Disagree,White,1,5,0,0,0,0,1
Female,0.4039864580968724,Strongly Disagree,White,1,5,0,0,0,0,1
Male,0.1662676056297024,Strongly Disagree,Red,1,5,0,0,0,1,0
Female,0.8618892781064735,Strongly Disagree,Black,1,5,0,0,1,0,0
Male,0.2322318550974898,Strongly Disagree,White,1,5,0,0,0,0,1
Female,0.6588552858403631,Strongly Disagree,Red,1,5,0,0,0,1,0
Female,1.4222985003505926,Strongly Disagree,White,1,5,0,0,0,0,1
Female,1.1711566225316583,Strongly Disagree,Black,1,5,0,0,1,0,0
Female,1.3141812463976106,Strongly Disagree,White,1,5,0,0,0,0,1
Female,1.3524847026028435,Strongly Disagree,White,1,5,0,0,0,0,1
Female,0.37800496169247627,Strongly Disagree,White,1,5,0,0,0,0,1
Female,0.9093991019014831,Strongly Disagree,White,1,5,0,0,0,0,1
Female,0.15814768442577895,Strongly Disagree,Black,1,5,0,0,1,0,0
Male,0.5722722412698373,Strongly Disagree,Black,1,5,0,0,1,0,0
Female,1.625791605636334,Strongly Disagree,White,1,5,0,0,0,0,1
Female,1.4421024404626333,Strongly Disagree,White,1,5,0,0,0,0,1
Female,1.70657846380793,Strongly Disagree,White,1,5,0,0,0,0,1
Female,1.21739336766417,Strongly Disagree,White,1,5,0,0,0,0,1
Female,0.6556116884781338,Strongly Disagree,Black,1,5,0,0,1,0,0
Female,1.0206029894205866,Strongly Disagree,Red,1,5,0,0,0,1,0
Female,0.6147656575757544,Strongly Disagree,Black,1,5,0,0,1,0,0
Female,1.3270123835887848,Strongly Disagree,Red,1,5,0,0,0,1,0
Female,1.1238496018153605,Strongly Disagree,White,1,5,0,0,0,0,1
Female,1.270657900820953,Strongly Disagree,White,1,5,0,0,0,0,1
Female,0.9504766233207396,Strongly Disagree,Black,1,5,0,0,1,0,0
Female,0.7547900527506205,Strongly Disagree,White,1,5,0,0,0,0,1
Male,1.4090146402976995,Strongly Disagree,Red,1,5,0,0,0,1,0
Male,1.6526384238328167,Strongly Disagree,White,1,5,0,0,0,0,1
Male,0.20024206293415733,Strongly Disagree,Black,1,5,0,0,1,0,0
Female,0.8984546224325968,Strongly Disagree,Red,1,5,0,0,0,1,0
Female,0.9409659925728524,Strongly Disagree,Red,1,5,0,0,0,1,0
Female,1.5695963960489236,Strongly Disagree,Black,1,5,0,0,1,0,0
Female,1.2068549322124988,Strongly Disagree,White,1,5,0,0,0,0,1
Female,1.3979865334787729,Strongly Disagree,White,1,5,0,0,0,0,1
Female,0.8237454338913497,Strongly Disagree,White,1,5,0,0,0,0,1
Female,0.7111267382675058,Strongly Disagree,Red,1,5,0,0,0,1,0
Female,0.29974154395181896,Strongly Disagree,White,1,5,0,0,0,0,1
Female,0.5673735388695985,Strongly Disagree,White,1,5,0,0,0,0,1
Female,1.3988662739686455,Strongly Disagree,White,1,5,0,0,0,0,1
Female,1.9612046373035337,Strongly Disagree,White,1,5,0,0,0,0,1
Female,0.7005560677969564,Strongly Disagree,Black,1,5,0,0,1,0,0
Female,1.1615558316001293,Strongly Disagree,White,1,5,0,0,0,0,1
Female,0.21662751997367197,Strongly Disagree,Black,1,5,0,0,1,0,0
Female,0.12206049636646538,Strongly Disagree,Black,1,5,0,0,1,0,0
Female,1.6307638841641106,Strongly Disagree,Red,1,5,0,0,0,1,0
Female,1.7615037988482718,Strongly Disagree,Black,1,5,0,0,1,0,0
Female,0.09383818911418819,Strongly Disagree,Black,1,5,0,0,1,0,0
Female,1.5919561412059346,Strongly Disagree,Red,1,5,0,0,0,1,0
Female,1.0302487960907314,Strongly Disagree,White,1,5,0,0,0,0,1
Female,0.6311355055596212,Strongly Disagree,White,1,5,0,0,0,0,1
Female,0.21387778540698443,Strongly Disagree,White,1,5,0,0,0,0,1
Female,0.33750217786218145,Strongly Disagree,White,1,5,0,0,0,0,1
Female,1.2776365732694612,Strongly Disagree,White,1,5,0,0,0,0,1
Female,1.2633400771179066,Strongly Disagree,Black,1,5,0,0,1,0,0
Female,0.13897894426644028,Strongly Disagree,White,1,5,0,0,0,0,1
Female,1.8546627886414409,Strongly Disagree,White,1,5,0,0,0,0,1
Female,0.06485623386671092,Strongly Disagree,White,1,5,0,0,0,0,1
Male,0.9436869117866106,Strongly Disagree,Black,1,5,0,0,1,0,0
Female,0.7747716998065092,Strongly Disagree,Red,1,5,0,0,0,1,0
Female,0.1692118738454036,Strongly Disagree,White,1,5,0,0,0,0,1
Female,0.5548570082191272,Strongly Disagree,White,1,5,0,0,0,0,1
Female,1.1356730786981333,Strongly Disagree,Red,1,5,0,0,0,1,0
Female,0.9344339957581146,Strongly Disagree,Red,1,5,0,0,0,1,0
Female,0.5854733717016221,Strongly Disagree,White,1,5,0,0,0,0,1
Female,1.3984809990182314,Strongly Disagree,White,1,5,0,0,0,0,1
Female,1.9980272776141785,Strongly Disagree,Black,1,5,0,0,1,0,0
Male,0.7720426469037275,Strongly Disagree,White,1,5,0,0,0,0,1
Female,0.9332735293829281,Strongly Disagree,Black,1,5,0,0,1,0,0
Female,0.5691237942515895,Strongly Disagree,Red,1,5,0,0,0,1,0
Female,0.1353567471190744,Strongly Disagree,Red,1,5,0,0,0,1,0
Female,1.5974379701980488,Strongly Disagree,White,1,5,0,0,0,0,1
Female,0.2672782186114064,Strongly Disagree,White,1,5,0,0,0,0,1
Female,0.36115006367718483,Strongly Disagree,White,1,5,0,0,0,0,1
Male,2.02345582095436,Strongly Disagree,Black,1,5,0,0,1,0,0
Male,0.2811448193597827,Strongly Disagree,Red,1,5,0,0,0,1,0
Female,0.0747965238372398,Strongly Disagree,Red,1,5,0,0,0,1,0
Female,0.8135610459817516,Strongly Disagree,White,1,5,0,0,0,0,1
Female,1.048880062148716,Strongly Disagree,White,1,5,0,0,0,0,1
Female,1.1392163791323124,Strongly Disagree,Red,1,5,0,0,0,1,0
Female,1.82633411256691,Strongly Disagree,White,1,5,0,0,0,0,1
Female,0.33211228245236685,Strongly Disagree,White,1,5,0,0,0,0,1
Female,0.08706867272918478,Strongly Disagree,White,1,5,0,0,0,0,1
Female,0.13071366956674574,Strongly Disagree,White,1,5,0,0,0,0,1
Female,1.3355287554920734,Strongly Disagree,White,1,5,0,0,0,0,1
Female,2.0524087158321676,Strongly Disagree,Red,1,5,0,0,0,1,0
Female,0.18962578576641068,Strongly Disagree,White,1,5,0,0,0,0,1
Female,0.21724041657365623,Strongly Disagree,Black,1,5,0,0,1,0,0
Female,0.7879738645185136,Strongly Disagree,Red,1,5,0,0,0,1,0
Female,0.015519828349922653,Strongly Disagree,White,1,5,0,0,0,0,1
Female,1.7180538372222383,Strongly Disagree,Black,1,5,0,0,1,0,0
Female,2.034015399907637,Strongly Disagree,White,1,5,0,0,0,0,1
Female,1.1363193059510923,Strongly Disagree,White,1,5,0,0,0,0,1
Female,0.8624201364094675,Strongly Disagree,White,1,5,0,0,0,0,1
Female,1.2002136814571385,Strongly Disagree,White,1,5,0,0,0,0,1
Female,1.5623908883942794,Strongly Disagree,White,1,5,0,0,0,0,1
Female,1.5027613524125374,Strongly Disagree,White,1,5,0,0,0,0,1
Female,1.1652945375633632,Strongly Disagree,White,1,5,0,0,0,0,1
Female,0.3273404787696916,Strongly Disagree,White,1,5,0,0,0,0,1
Female,0.3487482898000868,Strongly Disagree,White,1,5,0,0,0,0,1
Female,1.3006960000554546,Strongly Disagree,Red,1,5,0,0,0,1,0
Female,1.279492350332538,Strongly Disagree,White,1,5,0,0,0,0,1
Female,1.238875079954937,Strongly Disagree,Black,1,5,0,0,1,0,0
Female,1.5913830296280624,Strongly Disagree,White,1,5,0,0,0,0,1
Female,1.9203131811765806,Strongly Disagree,Red,1,5,0,0,0,1,0
Female,0.5474946722939654,Strongly Disagree,White,1,5,0,0,0,0,1
Female,0.372857510228291,Strongly Disagree,Red,1,5,0,0,0,1,0
Male,1.9354034693293038,Strongly Disagree,White,1,5,0,0,0,0,1
Female,1.9939023900688428,Strongly Disagree,White,1,5,0,0,0,0,1
Female,0.06052206287928701,Strongly Disagree,Red,1,5,0,0,0,1,0
Female,1.9902632944329655,Strongly Disagree,Black,1,5,0,0,1,0,0
Female,0.9066826736380175,Strongly Disagree,White,1,5,0,0,0,0,1
Female,1.224650411680002,Strongly Disagree,White,1,5,0,0,0,0,1
Male,1.814260580339748,Strongly Disagree,Black,1,5,0,0,1,0,0
Male,1.3618513730678348,Strongly Disagree,White,1,5,0,0,0,0,1
Male,0.5752951171901781,Strongly Disagree,Black,1,5,0,0,1,0,0
Female,1.682794233690776,Strongly Disagree,Black,1,5,0,0,1,0,0
Female,0.33663515129616645,Strongly Disagree,Black,1,5,0,0,1,0,0
Female,1.4387419909775427,Strongly Disagree,White,1,5,0,0,0,0,1
Female,1.560449242493114,Strongly Disagree,Red,1,5,0,0,0,1,0
Female,0.9859352234915945,Strongly Disagree,Black,1,5,0,0,1,0,0
Female,1.094827902880441,Strongly Disagree,Red,1,5,0,0,0,1,0
Female,0.38891783534183333,Strongly Disagree,Black,1,5,0,0,1,0,0
Female,1.8528187609845144,Strongly Disagree,Black,1,5,0,0,1,0,0
Female,0.022196472027274476,Strongly Disagree,White,1,5,0,0,0,0,1
Male,0.3280457419111231,Strongly Disagree,Red,1,5,0,0,0,1,0
Male,0.32751298502115406,Strongly Disagree,Red,1,5,0,0,0,1,0
Male,1.70932411115365,Strongly Disagree,Black,1,5,0,0,1,0,0
Female,1.0159027617472203,Strongly Disagree,Black,1,5,0,0,1,0,0
Female,1.3047332806209144,Strongly Disagree,Red,1,5,0,0,0,1,0
Female,0.46495028031576535,Strongly Disagree,White,1,5,0,0,0,0,1
Female,0.27312765797486155,Strongly Disagree,White,1,5,0,0,0,0,1
Female,0.7884235963246872,Strongly Disagree,White,1,5,0,0,0,0,1
Female,0.9202377307982206,Strongly Disagree,Red,1,5,0,0,0,1,0
Female,1.9206144179326947,Strongly Disagree,White,1,5,0,0,0,0,1
Female,1.6102597034153652,Strongly Disagree,White,1,5,0,0,0,0,1
Female,1.0140883823744498,Strongly Disagree,Black,1,5,0,0,1,0,0
Female,1.3384023598355546,Strongly Disagree,White,1,5,0,0,0,0,1
Female,0.41199517934968505,Strongly Disagree,White,1,5,0,0,0,0,1
Female,1.6841136931823704,Strongly Disagree,White,1,5,0,0,0,0,1
Female,0.4246514415275585,Strongly Disagree,Black,1,5,0,0,1,0,0
Female,1.9303072712909657,Strongly Disagree,Red,1,5,0,0,0,1,0
Female,1.4298770996831118,Strongly Disagree,White,1,5,0,0,0,0,1
Female,1.23975218724354,Strongly Disagree,White,1,5,0,0,0,0,1
Female,1.735010187588107,Strongly Disagree,Red,1,5,0,0,0,1,0
Female,1.1108854453221813,Strongly Disagree,Red,1,5,0,0,0,1,0
Female,0.3526285989155336,Strongly Disagree,White,1,5,0,0,0,0,1
Female,0.4432317893513287,Strongly Disagree,White,1,5,0,0,0,0,1
Female,0.10255217319138003,Strongly Disagree,White,1,5,0,0,0,0,1
Female,1.8102354449245353,Strongly Disagree,Black,1,5,0,0,1,0,0
Female,1.2069397219735534,Strongly Disagree,White,1,5,0,0,0,0,1
Female,2.0700132869358465,Strongly Disagree,White,1,5,0,0,0,0,1
Female,0.6569157525706457,Strongly Disagree,Red,1,5,0,0,0,1,0
Female,0.5048623457121454,Strongly Disagree,White,1,5,0,0,0,0,1
Male,0.0068102212453271275,Strongly Disagree,Red,1,5,0,0,0,1,0
Female,1.9800146957995561,Strongly Disagree,White,1,5,0,0,0,0,1
Female,1.628543579479703,Strongly Disagree,Red,1,5,0,0,0,1,0
Female,1.3485263322964234,Strongly Disagree,Black,1,5,0,0,1,0,0
Female,1.176208731725106,Strongly Disagree,White,1,5,0,0,0,0,1
Female,1.843418974211495,Strongly Disagree,White,1,5,0,0,0,0,1
Female,0.026116735881807334,Strongly Disagree,Black,1,5,0,0,1,0,0
Female,0.12974158446022455,Strongly Disagree,White,1,5,0,0,0,0,1
Female,1.2959979096684708,Strongly Disagree,White,1,5,0,0,0,0,1
Female,0.21913121065134394,Strongly Disagree,White,1,5,0,0,0,0,1
Male,1.6446403534016323,Strongly Disagree,White,1,5,0,0,0,0,1
Male,0.6788962060279143,Strongly Disagree,Black,1,5,0,0,1,0,0
Female,1.5218942356639387,Strongly Disagree,White,1,5,0,0,0,0,1
Female,1.7400798529552877,Strongly Disagree,Black,1,5,0,0,1,0,0
Female,1.798247346705448,Strongly Disagree,White,1,5,0,0,0,0,1
Female,1.7765637959262588,Strongly Disagree,White,1,5,0,0,0,0,1
Female,0.8318062132554334,Strongly Disagree,Black,1,5,0,0,1,0,0
Female,1.1895204313070133,Strongly Disagree,Red,1,5,0,0,0,1,0
Male,0.48122479043348043,Strongly Disagree,Black,1,5,0,0,1,0,0
Male,0.03721211469121887,Strongly Disagree,White,1,5,0,0,0,0,1
Female,1.9359246588688213,Strongly Disagree,White,1,5,0,0,0,0,1
Female,0.028656559436873077,Strongly Disagree,Red,1,5,0,0,0,1,0
Female,0.3488770773128641,Strongly Disagree,Red,1,5,0,0,0,1,0
Female,1.2811319434047757,Strongly Disagree,White,1,5,0,0,0,0,1
Female,0.9776075824579262,Strongly Disagree,Red,1,5,0,0,0,1,0
Male,0.6397363298147813,Strongly Disagree,Black,1,5,0,0,1,0,0
Female,0.6471133770710098,Strongly Disagree,Black,1,5,0,0,1,0,0
Female,1.595616501506157,Strongly Disagree,White,1,5,0,0,0,0,1
Female,0.5177763898918406,Strongly Disagree,Red,1,5,0,0,0,1,0
Female,1.0282574720427042,Strongly Disagree,Red,1,5,0,0,0,1,0
Female,0.22553264011337001,Strongly Disagree,White,1,5,0,0,0,0,1
Female,1.8676629621280754,Strongly Disagree,White,1,5,0,0,0,0,1
Female,1.8364106017065804,Strongly Disagree,White,1,5,0,0,0,0,1
Female,1.3263873761367557,Strongly Disagree,Red,1,5,0,0,0,1,0
Female,0.32317223549977375,Strongly Disagree,White,1,5,0,0,0,0,1
Female,0.3456520816042076,Strongly Disagree,White,1,5,0,0,0,0,1
Female,1.530920747207375,Strongly Disagree,White,1,5,0,0,0,0,1
Female,1.6661061733825917,Strongly Disagree,Red,1,5,0,0,0,1,0
Female,1.4529175256294475,Strongly Disagree,White,1,5,0,0,0,0,1
Female,1.6286038439628536,Strongly Disagree,White,1,5,0,0,0,0,1
Male,0.7499539815756808,Strongly Disagree,White,1,5,0,0,0,0,1
Male,0.9218841455329039,Strongly Disagree,Red,1,5,0,0,0,1,0
Male,1.4615637432755222,Strongly Disagree,Red,1,5,0,0,0,1,0
Male,1.6645854801226267,Strongly Disagree,Red,1,5,0,0,0,1,0
Male,1.2830874076116936,Strongly Disagree,Black,1,5,0,0,1,0,0
Male,1.337047521195718,Strongly Disagree,White,1,5,0,0,0,0,1
Male,1.0346333339436806,Strongly Disagree,White,1,5,0,0,0,0,1
Male,1.3675565880670686,Strongly Disagree,Red,1,5,0,0,0,1,0
Male,1.352393890909575,Strongly Disagree,Black,1,5,0,0,1,0,0
Male,1.9330285536948975,Strongly Disagree,Red,1,5,0,0,0,1,0
Male,0.17435453117017988,Strongly Disagree,White,1,5,0,0,0,0,1
Male,1.7542020077383442,Strongly Disagree,Red,1,5,0,0,0,1,0
Male,1.4749690493373542,Strongly Disagree,Red,1,5,0,0,0,1,0
Male,1.7653474035180974,Strongly Disagree,White,1,5,0,0,0,0,1
Male,1.0682478994746958,Strongly Disagree,Red,1,5,0,0,0,1,0
Male,1.743703325503527,Strongly Disagree,Red,1,5,0,0,0,1,0
Male,0.4389641466507659,Strongly Disagree,Red,1,5,0,0,0,1,0
Male,0.49829198675055564,Strongly Disagree,Red,1,5,0,0,0,1,0
Female,1.3629018359352743,Strongly Disagree,Red,1,5,0,0,0,1,0
Male,1.8601765076992465,Strongly Disagree,Red,1,5,0,0,0,1,0
Female,1.820981880923007,Strongly Disagree,White,1,5,0,0,0,0,1
Female,0.486796359492965,Strongly Disagree,Black,1,5,0,0,1,0,0
Female,0.4771449341759197,Strongly Disagree,White,1,5,0,0,0,0,1
Male,0.44962082598632497,Strongly Disagree,Black,1,5,0,0,1,0,0
